{"cameraMode":{"drawMode":0,"name":"Shaded","section":"Shading Mode"},"sceneLighting":true,"audioPlay":false,"sceneViewState":{"showFog":true,"showMaterialUpdate":false,"showSkybox":true,"showFlares":true,"showImageEffects":true,"showParticleSystems":true},"in2DMode":false,"pivot":{"x":-7.09160041809082,"y":-2.8002562522888185,"z":19.104206085205079},"rotation":{"x":0.3452416956424713,"y":-0.004223293159157038,"z":0.0015535991406068206,"w":0.9385030269622803},"size":32.85491180419922,"orthographic":true}