{"cameraMode":{"drawMode":0,"name":"Shaded","section":"Shading Mode"},"sceneLighting":true,"audioPlay":false,"sceneViewState":{"showFog":true,"showMaterialUpdate":false,"showSkybox":true,"showFlares":true,"showImageEffects":true,"showParticleSystems":true},"in2DMode":false,"pivot":{"x":-45.004554748535159,"y":-57.47505187988281,"z":13.221487045288086},"rotation":{"x":-0.48456740379333498,"y":-0.08560120314359665,"z":0.04762832447886467,"w":-0.8693177103996277},"size":225.12892150878907,"orthographic":false}