{"cameraMode":{"drawMode":0,"name":"Shaded","section":"Shading Mode"},"sceneLighting":false,"audioPlay":false,"sceneViewState":{"showFog":true,"showMaterialUpdate":false,"showSkybox":false,"showFlares":true,"showImageEffects":true,"showParticleSystems":true},"in2DMode":false,"pivot":{"x":0.1268407702445984,"y":0.012341149151325226,"z":0.5903292894363403},"rotation":{"x":-0.12686790525913239,"y":0.6265180706977844,"z":-0.10432381182909012,"w":-0.7619051933288574},"size":2.211810827255249,"orthographic":true}