{"cameraMode":{"drawMode":0,"name":"Shaded","section":"Shading Mode"},"sceneLighting":true,"audioPlay":false,"sceneViewState":{"showFog":true,"showMaterialUpdate":false,"showSkybox":true,"showFlares":true,"showImageEffects":true,"showParticleSystems":true},"in2DMode":false,"pivot":{"x":-0.14415062963962556,"y":0.8929184675216675,"z":-0.023133009672164918},"rotation":{"x":-0.012170450761914254,"y":0.9838618636131287,"z":-0.162623330950737,"w":-0.07363071292638779},"size":9.097477912902832,"orthographic":false}